id,sequence
disprot|DP00004r001,LLGDFFRKSKEKIGKEFKRIVQRIKDFLRNLVPRTES
disprot|DP00004r002,LLGDFFRKSKEKIGKEFKRIVQRIKDFLRNLVPRTES
disprot|DP00004r004,LLGDFFRKSKEKIGKEFKRIVQRIKDFLRNLVPRTES
disprot|DP00004r005,FKRIVQRIKDFLR
disprot|DP00004r006,FKRIVQRIKDFLR
disprot|DP00007r002,MPKRGKKGAVAEDGDELRTEPEAKKSKTAAKKNDKEAAGEGP
disprot|DP00007r006,MPKRGKKGAVAEDGDELRTEPEAKKSKTAAKKNDKE
disprot|DP00007r007,KNDKEAAGEGPA
disprot|DP00007r008,PKRGKKGAVAEDGDELRTEPEAKKSKTAAKKNDKEAAGE
disprot|DP00011r004,GGDLEKCNRAPIYV
disprot|DP00011r005,GGDLEKCNRAPIYV
disprot|DP00011r006,PEETMDFMVQHTSFKEMKKNPMTNYTTVPQELMDHSISPFMRKGMA
disprot|DP00012r005,IRKFSIVQKTPLQMNGIEEDSDEPLERRLSLVPDSEQGEAILPRISVISTGPTLQARRRQSVLNLMTHSVNQGQNIHRKTTASTRKVSLAPQANLTELDIYSRRLSQETGLEISEEINEEDLKE
disprot|DP00012r006,IRKFSIVQKTPLQMNGIEEDSDEPLERRLSLVPDSEQGEAILPRISVISTGPTLQARRRQSVLNLMTHSVNQGQNIHRKTTASTRKVSLAPQANLTELDIYSRRLSQETGLEISEEINEEDLKE
disprot|DP00012r007,SAERRNSILTETLHRFSLEGDAPVSWTETKKQSFKQTGEFGEKRKNSILNPINSIRKFSIVQKTPLQMNGIEEDSDEPLERRLSLVPDSEQGEAILPRISVISTGPTLQARRRQSVLNLMTHSVNQGQNIHRKTTASTRKVSLAPQANLTELDIYSRRLSQETGLEISEEINEEDLKECFFDDME
disprot|DP00012r008,SAERRNSILTETLHRFSLEGDAPVSWTETKKQSFKQTGEFGEKRKNSILNPINSIRKFSIVQKTPLQMNGIEEDSDEPLERRLSLVPDSEQGEAILPRISVISTGPTLQARRRQSVLNLMTHSVNQGQNIHRKTTASTRKVSLAPQANLTELDIYSRRLSQETGLEISEEINEEDLKECFFDDME
disprot|DP00012r010,IRKFSIVQKTPLQMNGIEEDSDEPLERRLSLVPDSEQGEAILPRISVISTGPTLQARRRQSVLNLMTHSVNQGQNIHRKTTASTRKVSLAPQANLTELDIYSRRLSQETGLEISEEINEEDLKE
disprot|DP00012r012,ASTRKVSLAPQANLTELDIYSRRLSQETGLE
disprot|DP00012r013,QARRRQSVLNLMTHSVNQGQNIHRKTTASTRKVSLAPQAN
disprot|DP00012r014,AILPRISVISTGPTLQARRRQSVLNLMT
SRR5689334_7619591,TFRYLCRQMERRLDGRPTLVVIDEAWTKIRKQPEWLEESLRTLRKKNCAVVLATQSLSEVVESPIASVVFESCQTRLLLPNPEARTPAIRALYTQRLGLTEPQVDALASVAPKRWYMYVGGGRTRLFTLDLGPVALAFVGASGRVDVAQIDALHRR
SRR5262249_54877602,WRLEHPAVREAEVVKRLVNGREAVTAVVVSDSGVSPAELCAHLGRTLPAWMIPRQFEFVGELPRTTSGKVDYPRLRSSPSHLVGEGGSRSESGEGYFMAGTPEAILAEIWSAVLGRPADPDAGFFDQGGDSLGVLQVVAGAHARGVTVPPELVAEGRSLRDIAAVLPTVDHSVAPGALTGSELEYDTAAVLDGWPSPSARRRPAGPAX
SRR3546814_5789022,IVCLFYVSSCCFLFVYVFFFKQKTAYEMRISDWSSDVCSSDLTPAQIDRSFHRNTAHQVTRPAATHRRNTLAANPELLAGLRALGDFQLHATVEGRDLKLTAQGLINETDRHFAEQMLEIGRAHVX
B9TJ46_RICCO,RGDRGDGDRLLLGDRARAAGRGDRAHLHCPADRARPCRDLPEGEDRRALDPRLAARAGRSRHHPGRPAGRAAPARFGARHGGGARLGGVLRSQPRHRAPPGAAGRADRDRLLPELVHPRPVRAAGALAAGDSGGGAMAAGRARRRAGDHVAAAAFLGLCAGGSAGAAHGRIYRLCLGSDHGLAVLPRAAYAGYHRRHLADRRGMLDGGAQSARHRRARSGARTVMIAIRTATPDDVPLILDLVRELAVYEREPDAVVATEAMLHDALFARRVAESLIAELDGRPVGFALFFHNFSTWTGKPGIYLEDLYVTPGARGAGAGKALLRHLAGIALDRDCGRFEWAVLDWNTPAIDFYRAMGAQAMAEWTVQRVTGDALVALAGR
SRR3954452_1678131,PEAARARAAARAPAPRPPRWSLRRPGSTRRRILAGSRRVPELRELEAESLRRRLVACGVGESELDPVGAARQRPLLDAQKRQDVLALLHLQRRLAGAAEGAPAWRTAEDCRLQRAGLRRSELEDQRPTAGVTLDLAGEARCGGVGGSRRRRGDRFRRWRGCRRGGARPCAGAGAGAG
SRR5450756_2573138,LHRVDRRQRQMCIRDRAYTAGLLLVCVSLIRLSSVRSEYSPGLEDAPVWNSDSPVGSKPGPAKFQPPRSRICQVVVASSPMIAENDRGTRLMSMPACAASAWYAATSCWKNVTPVTX
SRR6266446_6012191,VSDLPLDSYRALKLPRCRGVGVGRGVGVGLGVGVGRGVGVGRGVGVGRGVGVGRGVGVGRGVGVGRGVGVGLGVGVGRGVGVGRGVGVGRGVGVGRGVGVGRGVGVGRGVGVGLGVGVGRGVGVGRGVGVGRGVGVGRGVGVGRGVGVGRGVGVGRGVGVGRGVGVGRGVGVGRGVGVGRGVGVGRGVGVGLGVGVGRGVGVGRGVGVGRGVGVGRGVGVGRGVGRGVGRGVGVGRGVGRGVGRGRGVGSGGLIEARIAPLFFASLSNQTSPLASCRMIACFNLX
ERR1712048_306589,VARMTISRVALAFGCVLTCAHAADPTSPAGNVEAVCEYVSNGLENYGERLLRFPLPPSCQKYQGIGEEVLFKFGLQSQSCYQALSGPLCALQFSEYEASSTCKSTLDLFTTLIETCSNKNVMAATYSDCVSYDPNTRTISNPEAFCKSSFLRVDKGESPEGTSAGFEKKTFGQSEIMDCKRIAENFNACQIVGVGLLGYSNRFCMGKGFPAYCQKYPTVVRDGTFTRICKNLVIPYLLESNRRLGTKREINHCDGIYENYLMFLKSRKDAYSQKAEAAKESLESMKNSSEMFSSFKRVAQALSQDNDSLERDSTEVLNQFHQMSSQNMAFDAQILTEFQNLGASLAAAEQAATVIEYPEMTENAEENIKIFAKESPSIESLDQAITKSSVSVKNLEALIAQGGHVSYSQAYGFYPIELASIEELRTRIKKMSESLKPFTTTYSEEVLALEEPPQPGVDASFLNAAQTFGKLNDIYGEQMALLTKLQRYGSQTGNVFTAASRSFKX
SRR5580765_3802522,GLGLDDAGRIADRRRSGRHRLQHHRVRADPGVVADGEAAQHLRVGADDDAAAERRMALGAAGERGAAERHPLVDGAVVTDLRGFAHDHAHAVIDEDAAADLRPRMDLDAGDETGQVRDPARHPVEAVTAPPGRLAVQDDRMQAGVTRQHLPRRPGGRIAFTDADDVFAQALEHTIFARVTRSASLSGSLFHCSGDAAQDLDLLHGERGPIGQPVQPRHQFPGRGRVEKADRCQRLLPVCDQAAHRDRIGQDAGVGPRLDRIAAQRLAPVIGEELHRLSEVERAVARIGRDREAGVAGVEVVVRQAEALRAEHERDRAAAGRQFAEDRARGEGRRAEVTRRHRRRPDPGHAVERVAESRDDAGALQHVGPSRRHQHELGKAHHLDRPRCRADVAGVAGADEDEAGRIGGHLSRPLKLRLSILQPRPGGPPPARARLQTILPMSQALHPMLNIAVKAARAAGAIINRASLDLDRLQVSAKSTNDFVTEVDHAAEAAVIDVLLGAYPGHGILAEESGSTRGAKDSDYLWIIDPLDGTTNFIHGLPTYAVSIGLSFRGQMQQAVVYDPARNDLFYATKGRGAFLNDKRLRVSKRTRMAEALIGTGFPFRQGDDLTHYLKVLEMVMKSCAGVRRPGAAALDLCYVAAGWYDGFFETGLSPWDVAAGSLIVTEAGGLVGNFTGEADFLYRREVVAGCPKVYGQLVQVLSPYSTLSGSAX
